--
-- Current Database: `sync_config`
--

USE `sync_config`;

--
-- Dumping data for table `database`
--

/*!40000 ALTER TABLE `database` ENABLE KEYS */;
INSERT INTO `database` (`id`, `sync_type`, `db_show_name`, `db_type`, `db_host`, `db_port`, `db_name`, `db_args`, `db_user`, `db_password`, `is_active`, `department_id`, `created_at`, `updated_at`) VALUES (1,'db2jdy','quality_market发送','MySQL','10.63.136.4',3306,'Quality_Market','','API_user','API_Quality2025!',1,2,'2025-11-06 13:40:14','2025-11-06 13:47:25'),(6,'jdy2db','quality_market接收','MySQL','10.63.136.4',3306,'Quality_Market','','API_user','API_Quality2025!',1,2,'2025-11-06 13:47:07','2025-11-06 13:47:17'),(7,'db2jdy','sl_cicd','MySQL','10.63.136.44',3306,'sl_cicd','','6000357','6000357',1,5,'2025-11-11 17:03:05','2025-11-11 18:22:26');
/*!40000 ALTER TABLE `database` ENABLE KEYS */;

--
-- Dumping data for table `department`
--

/*!40000 ALTER TABLE `department` DISABLE KEYS */;
INSERT INTO `department` (`id`, `department_name`, `department_full_name`, `is_active`, `created_at`, `updated_at`) VALUES (1,'default_admin_dept','超级管理员默认部门',1,'2025-11-06 13:26:22','2025-11-07 13:57:53'),(2,'quality_dept','质量部门',1,'2025-11-06 13:27:01','2025-11-11 16:18:02'),(3,'eco_dept','生态运营业务部门',1,'2025-11-07 16:44:16','2025-11-07 16:44:16'),(5,'eco_develop_dept','电控开发业务单元',1,'2025-11-11 16:17:22','2025-11-11 16:18:51'),(6,'default','默认部门',1,'2025-11-11 16:25:58','2025-11-11 16:25:58');
/*!40000 ALTER TABLE `department` ENABLE KEYS */;

--
-- Dumping data for table `form_fields_mapping`
--

/*!40000 ALTER TABLE `form_fields_mapping` DISABLE KEYS */;
INSERT INTO `form_fields_mapping` (`id`, `task_id`, `form_name`, `widget_name`, `widget_alias`, `label`, `type`, `data_modify_time`, `last_updated`, `created_at`, `updated_at`) VALUES (212013,6,'','_widget_1760163988229','_widget_1760163988229','item_status','text','2025-11-10 11:01:14','2025-11-10 19:32:37','2025-11-10 19:42:41','2025-11-10 19:42:41'),(212014,6,'','_widget_1753694120961','dt','dt','datetime','2025-11-10 11:01:14','2025-11-10 19:32:37','2025-11-10 19:42:41','2025-11-10 19:42:41'),(212015,6,'','_widget_1753694120962','business_id','business_id','text','2025-11-10 11:01:14','2025-11-10 19:32:37','2025-11-10 19:42:41','2025-11-10 19:42:41'),(212016,6,'','_widget_1753694120963','created_time','created_time','datetime','2025-11-10 11:01:14','2025-11-10 19:32:37','2025-11-10 19:42:41','2025-11-10 19:42:41'),(212017,6,'','_widget_1753694120964','car_series_name','car_series_name','text','2025-11-10 11:01:14','2025-11-10 19:32:37','2025-11-10 19:42:41','2025-11-10 19:42:41'),(212018,6,'','_widget_1753694120965','car_info','car_info','text','2025-11-10 11:01:14','2025-11-10 19:32:37','2025-11-10 19:42:41','2025-11-10 19:42:41'),(212019,6,'','_widget_1753694120966','vin','vin','text','2025-11-10 11:01:14','2025-11-10 19:32:37','2025-11-10 19:42:41','2025-11-10 19:42:41'),(212020,6,'','_widget_1753694120967','customer_name','customer_name','text','2025-11-10 11:01:14','2025-11-10 19:32:37','2025-11-10 19:42:41','2025-11-10 19:42:41'),(212021,6,'','_widget_1753694120968','customer_phone','customer_phone','text','2025-11-10 11:01:14','2025-11-10 19:32:37','2025-11-10 19:42:41','2025-11-10 19:42:41'),(212022,6,'','_widget_1753694120969','steward_id','steward_id','number','2025-11-10 11:01:14','2025-11-10 19:32:37','2025-11-10 19:42:41','2025-11-10 19:42:41'),(212023,6,'','_widget_1753694120970','steward_name','steward_name','text','2025-11-10 11:01:14','2025-11-10 19:32:37','2025-11-10 19:42:41','2025-11-10 19:42:41'),(212024,6,'','_widget_1753694120971','first_deal_steward_id','first_deal_steward_id','text','2025-11-10 11:01:14','2025-11-10 19:32:37','2025-11-10 19:42:41','2025-11-10 19:42:41'),(212025,6,'','_widget_1753694120972','first_deal_steward','first_deal_steward','text','2025-11-10 11:01:14','2025-11-10 19:32:37','2025-11-10 19:42:41','2025-11-10 19:42:41'),(212026,6,'','_widget_1753694120973','first_deal_steward_time','first_deal_steward_time','text','2025-11-10 11:01:14','2025-11-10 19:32:37','2025-11-10 19:42:41','2025-11-10 19:42:41'),(212027,6,'','_widget_1753694120974','content','content','textarea','2025-11-10 11:01:14','2025-11-10 19:32:37','2025-11-10 19:42:41','2025-11-10 19:42:41'),(212028,6,'','_widget_1753694120975','ai_level','ai_level','text','2025-11-10 11:01:14','2025-11-10 19:32:37','2025-11-10 19:42:41','2025-11-10 19:42:41'),(212029,6,'','_widget_1753694120976','ai_category','ai_category','text','2025-11-10 11:01:14','2025-11-10 19:32:37','2025-11-10 19:42:41','2025-11-10 19:42:41'),(212030,6,'','_widget_1753694120977','ai_need_notify','ai_need_notify','text','2025-11-10 11:01:14','2025-11-10 19:32:37','2025-11-10 19:42:41','2025-11-10 19:42:41'),(212031,6,'','_widget_1753694120978','ai_content','ai_content','text','2025-11-10 11:01:14','2025-11-10 19:32:37','2025-11-10 19:42:41','2025-11-10 19:42:41'),(212032,6,'','_widget_1753694120979','ai_time','ai_time','text','2025-11-10 11:01:14','2025-11-10 19:32:37','2025-11-10 19:42:41','2025-11-10 19:42:41'),(212033,6,'','_widget_1753694120980','ai_analysis_time','ai_analysis_time','datetime','2025-11-10 11:01:14','2025-11-10 19:32:37','2025-11-10 19:42:41','2025-11-10 19:42:41'),(212034,6,'','_widget_1753694120981','process_time','process_time','number','2025-11-10 11:01:14','2025-11-10 19:32:37','2025-11-10 19:42:41','2025-11-10 19:42:41'),(212035,6,'','_widget_1758788096593','work_type_name','work_type_name','text','2025-11-10 11:01:14','2025-11-10 19:32:37','2025-11-10 19:42:41','2025-11-10 19:42:41'),(212036,6,'','_widget_1758788096594','work_level','work_level','text','2025-11-10 11:01:14','2025-11-10 19:32:37','2025-11-10 19:42:41','2025-11-10 19:42:41'),(212037,6,'','_widget_1758788096595','work_status','work_status','text','2025-11-10 11:01:14','2025-11-10 19:32:37','2025-11-10 19:42:41','2025-11-10 19:42:41'),(212038,6,'','_widget_1758788096596','car_series','car_series','text','2025-11-10 11:01:14','2025-11-10 19:32:37','2025-11-10 19:42:41','2025-11-10 19:42:41'),(212039,6,'','_widget_1758789062718','consulting_type','consulting_type','text','2025-11-10 11:01:14','2025-11-10 19:32:37','2025-11-10 19:42:41','2025-11-10 19:42:41'),(212040,6,'','_widget_1758789062719','sl_ccc','sl_ccc','text','2025-11-10 11:01:14','2025-11-10 19:32:37','2025-11-10 19:42:41','2025-11-10 19:42:41'),(212041,6,'','_widget_1758789062720','first_class','first_class','text','2025-11-10 11:01:14','2025-11-10 19:32:37','2025-11-10 19:42:41','2025-11-10 19:42:41'),(212042,6,'','_widget_1758789062721','second_class','second_class','text','2025-11-10 11:01:14','2025-11-10 19:32:37','2025-11-10 19:42:41','2025-11-10 19:42:41'),(212043,6,'','_widget_1758789062722','third_class','third_class','text','2025-11-10 11:01:14','2025-11-10 19:32:37','2025-11-10 19:42:41','2025-11-10 19:42:41'),(212044,6,'','_widget_1758789062723','fourth_class','fourth_class','text','2025-11-10 11:01:14','2025-11-10 19:32:37','2025-11-10 19:42:41','2025-11-10 19:42:41'),(248177,2,'','_widget_1761726475402','_widget_1761726475402','工单号','text','2025-11-12 00:45:55','2025-11-12 11:36:25','2025-11-11 14:56:33','2025-11-12 11:36:28'),(248178,2,'','_widget_1761726475403','_widget_1761726475403','工单类型','text','2025-11-12 00:45:55','2025-11-12 11:36:25','2025-11-11 14:56:33','2025-11-12 11:36:28'),(248179,2,'','_widget_1761875015229','_widget_1761875015229','MIS','text','2025-11-12 00:45:55','2025-11-12 11:36:25','2025-11-11 14:56:33','2025-11-12 11:36:28'),(248180,2,'','_widget_1761875015228','_widget_1761875015228','MY','text','2025-11-12 00:45:55','2025-11-12 11:36:25','2025-11-11 14:56:33','2025-11-12 11:36:28'),(248181,2,'','_widget_1761802650558','_widget_1761802650558','指标记入时间','datetime','2025-11-12 00:45:55','2025-11-12 11:36:25','2025-11-11 14:56:33','2025-11-12 11:36:28'),(248182,2,'','_widget_1761726475404','_widget_1761726475404','车系','text','2025-11-12 00:45:55','2025-11-12 11:36:25','2025-11-11 14:56:33','2025-11-12 11:36:28'),(248183,2,'','_widget_1761726475405','_widget_1761726475405','VIN号','text','2025-11-12 00:45:55','2025-11-12 11:36:25','2025-11-11 14:56:33','2025-11-12 11:36:28'),(248184,2,'','_widget_1761726475406','_widget_1761726475406','生产日期','datetime','2025-11-12 00:45:55','2025-11-12 11:36:25','2025-11-11 14:56:33','2025-11-12 11:36:28'),(248185,2,'','_widget_1761726475407','_widget_1761726475407','购车日期','datetime','2025-11-12 00:45:55','2025-11-12 11:36:25','2025-11-11 14:56:33','2025-11-12 11:36:28'),(248186,2,'','_widget_1761726475408','_widget_1761726475408','进店时间','datetime','2025-11-12 00:45:55','2025-11-12 11:36:25','2025-11-11 14:56:33','2025-11-12 11:36:28'),(248187,2,'','_widget_1761726475409','_widget_1761726475409','开单时间','datetime','2025-11-12 00:45:55','2025-11-12 11:36:25','2025-11-11 14:56:33','2025-11-12 11:36:28'),(248188,2,'','_widget_1761726475410','_widget_1761726475410','总里程','number','2025-11-12 00:45:55','2025-11-12 11:36:25','2025-11-11 14:56:33','2025-11-12 11:36:28'),(248189,2,'','_widget_1761726475411','_widget_1761726475411','故障描述','textarea','2025-11-12 00:45:55','2025-11-12 11:36:25','2025-11-11 14:56:33','2025-11-12 11:36:28'),(248190,2,'','_widget_1761726475412','_widget_1761726475412','配置','text','2025-11-12 00:45:55','2025-11-12 11:36:25','2025-11-11 14:56:33','2025-11-12 11:36:28'),(248191,2,'','_widget_1761726475413','_widget_1761726475413','车型','text','2025-11-12 00:45:55','2025-11-12 11:36:25','2025-11-11 14:56:33','2025-11-12 11:36:28'),(248192,2,'','_widget_1761726475414','_widget_1761726475414','经销商','text','2025-11-12 00:45:55','2025-11-12 11:36:25','2025-11-11 14:56:33','2025-11-12 11:36:28'),(248193,2,'','_widget_1761726475415','_widget_1761726475415','维修项目代码','text','2025-11-12 00:45:55','2025-11-12 11:36:25','2025-11-11 14:56:33','2025-11-12 11:36:28'),(248194,2,'','_widget_1761726475416','_widget_1761726475416','维修项目名称','text','2025-11-12 00:45:55','2025-11-12 11:36:25','2025-11-11 14:56:33','2025-11-12 11:36:28'),(248195,2,'','_widget_1761726475417','_widget_1761726475417','备件编码','text','2025-11-12 00:45:55','2025-11-12 11:36:25','2025-11-11 14:56:33','2025-11-12 11:36:28'),(248196,2,'','_widget_1761726475418','_widget_1761726475418','备件名称','text','2025-11-12 00:45:55','2025-11-12 11:36:25','2025-11-11 14:56:33','2025-11-12 11:36:28'),(248197,2,'','_widget_1761726475419','_widget_1761726475419','维修类型','text','2025-11-12 00:45:55','2025-11-12 11:36:25','2025-11-11 14:56:33','2025-11-12 11:36:28'),(248198,2,'','_widget_1761726475420','_widget_1761726475420','费用类型','text','2025-11-12 00:45:55','2025-11-12 11:36:25','2025-11-11 14:56:33','2025-11-12 11:36:28'),(248199,2,'','_widget_1761726475421','_widget_1761726475421','实收材料费','number','2025-11-12 00:45:55','2025-11-12 11:36:25','2025-11-11 14:56:33','2025-11-12 11:36:28'),(248200,2,'','_widget_1761726475422','_widget_1761726475422','实收工时费','number','2025-11-12 00:45:55','2025-11-12 11:36:25','2025-11-11 14:56:33','2025-11-12 11:36:28'),(248201,2,'','_widget_1761726475423','_widget_1761726475423','总费用','number','2025-11-12 00:45:55','2025-11-12 11:36:25','2025-11-11 14:56:33','2025-11-12 11:36:28'),(248202,2,'','_widget_1761726475424','_widget_1761726475424','work_type','text','2025-11-12 00:45:55','2025-11-12 11:36:25','2025-11-11 14:56:33','2025-11-12 11:36:28'),(248203,2,'','_widget_1761726475425','_widget_1761726475425','status','text','2025-11-12 00:45:55','2025-11-12 11:36:25','2025-11-11 14:56:33','2025-11-12 11:36:28'),(248204,3,'','_widget_1761726710837','_widget_1761726710837','VIN号','text','2025-11-12 00:33:48','2025-11-12 11:36:25','2025-11-11 14:56:33','2025-11-12 11:36:29'),(248205,3,'','_widget_1761726710838','_widget_1761726710838','三包单号','text','2025-11-12 00:33:48','2025-11-12 11:36:25','2025-11-11 14:56:33','2025-11-12 11:36:29'),(248206,3,'','_widget_1761726710839','_widget_1761726710839','生产时间','datetime','2025-11-12 00:33:48','2025-11-12 11:36:25','2025-11-11 14:56:33','2025-11-12 11:36:29'),(248207,3,'','_widget_1761875048277','_widget_1761875048277','MIS','text','2025-11-12 00:33:48','2025-11-12 11:36:25','2025-11-11 14:56:33','2025-11-12 11:36:29'),(248208,3,'','_widget_1761875048278','_widget_1761875048278','MY','text','2025-11-12 00:33:48','2025-11-12 11:36:25','2025-11-11 14:56:33','2025-11-12 11:36:29'),(248209,3,'','_widget_1761726710840','_widget_1761726710840','销售时间','datetime','2025-11-12 00:33:48','2025-11-12 11:36:25','2025-11-11 14:56:33','2025-11-12 11:36:29'),(248210,3,'','_widget_1761726710841','_widget_1761726710841','维修时间','datetime','2025-11-12 00:33:48','2025-11-12 11:36:25','2025-11-11 14:56:33','2025-11-12 11:36:29'),(248211,3,'','_widget_1761726710842','_widget_1761726710842','审核时间','datetime','2025-11-12 00:33:48','2025-11-12 11:36:25','2025-11-11 14:56:33','2025-11-12 11:36:29'),(248212,3,'','_widget_1761726710843','_widget_1761726710843','车辆品牌','text','2025-11-12 00:33:48','2025-11-12 11:36:25','2025-11-11 14:56:33','2025-11-12 11:36:29'),(248213,3,'','_widget_1761726710844','_widget_1761726710844','车辆类型','text','2025-11-12 00:33:48','2025-11-12 11:36:25','2025-11-11 14:56:33','2025-11-12 11:36:29'),(248214,3,'','_widget_1761726710845','_widget_1761726710845','子品牌','text','2025-11-12 00:33:48','2025-11-12 11:36:25','2025-11-11 14:56:33','2025-11-12 11:36:29'),(248215,3,'','_widget_1761726710846','_widget_1761726710846','细分市场','text','2025-11-12 00:33:48','2025-11-12 11:36:25','2025-11-11 14:56:33','2025-11-12 11:36:29'),(248216,3,'','_widget_1761726710847','_widget_1761726710847','产品名称','text','2025-11-12 00:33:48','2025-11-12 11:36:25','2025-11-11 14:56:33','2025-11-12 11:36:29'),(248217,3,'','_widget_1761726710848','_widget_1761726710848','车型型号','text','2025-11-12 00:33:48','2025-11-12 11:36:25','2025-11-11 14:56:33','2025-11-12 11:36:29'),(248218,3,'','_widget_1761726710849','_widget_1761726710849','制造基地','text','2025-11-12 00:33:48','2025-11-12 11:36:25','2025-11-11 14:56:33','2025-11-12 11:36:29'),(248219,3,'','_widget_1761726710850','_widget_1761726710850','动力品牌','text','2025-11-12 00:33:48','2025-11-12 11:36:25','2025-11-11 14:56:33','2025-11-12 11:36:29'),(248220,3,'','_widget_1761726710851','_widget_1761726710851','动力类型','text','2025-11-12 00:33:48','2025-11-12 11:36:25','2025-11-11 14:56:33','2025-11-12 11:36:29'),(248221,3,'','_widget_1761726710852','_widget_1761726710852','动力大类','text','2025-11-12 00:33:48','2025-11-12 11:36:25','2025-11-11 14:56:33','2025-11-12 11:36:29'),(248222,3,'','_widget_1761726710853','_widget_1761726710853','机型系列','text','2025-11-12 00:33:48','2025-11-12 11:36:25','2025-11-11 14:56:33','2025-11-12 11:36:29'),(248223,3,'','_widget_1761726710854','_widget_1761726710854','发动机型号','text','2025-11-12 00:33:48','2025-11-12 11:36:25','2025-11-11 14:56:33','2025-11-12 11:36:29'),(248224,3,'','_widget_1761726710855','_widget_1761726710855','发动机号','text','2025-11-12 00:33:48','2025-11-12 11:36:25','2025-11-11 14:56:33','2025-11-12 11:36:29'),(248225,3,'','_widget_1761726710856','_widget_1761726710856','动力制造商','text','2025-11-12 00:33:48','2025-11-12 11:36:25','2025-11-11 14:56:33','2025-11-12 11:36:29'),(248226,3,'','_widget_1761726710857','_widget_1761726710857','变速器类型','text','2025-11-12 00:33:48','2025-11-12 11:36:25','2025-11-11 14:56:33','2025-11-12 11:36:29'),(248227,3,'','_widget_1761726710858','_widget_1761726710858','排量/里程','number','2025-11-12 00:33:48','2025-11-12 11:36:25','2025-11-11 14:56:33','2025-11-12 11:36:29'),(248228,3,'','_widget_1761726710859','_widget_1761726710859','开票对象','text','2025-11-12 00:33:48','2025-11-12 11:36:25','2025-11-11 14:56:33','2025-11-12 11:36:29'),(248229,3,'','_widget_1761726710860','_widget_1761726710860','购买用途','text','2025-11-12 00:33:48','2025-11-12 11:36:25','2025-11-11 14:56:33','2025-11-12 11:36:29'),(248230,3,'','_widget_1761726710861','_widget_1761726710861','车辆性质','text','2025-11-12 00:33:48','2025-11-12 11:36:25','2025-11-11 14:56:33','2025-11-12 11:36:29'),(248231,3,'','_widget_1761726710862','_widget_1761726710862','VRT编码','text','2025-11-12 00:33:48','2025-11-12 11:36:25','2025-11-11 14:56:33','2025-11-12 11:36:29'),(248232,3,'','_widget_1761726710863','_widget_1761726710863','VRT名称','text','2025-11-12 00:33:48','2025-11-12 11:36:25','2025-11-11 14:56:33','2025-11-12 11:36:29'),(248233,3,'','_widget_1761726710864','_widget_1761726710864','VFG编码','text','2025-11-12 00:33:48','2025-11-12 11:36:25','2025-11-11 14:56:33','2025-11-12 11:36:29'),(248234,3,'','_widget_1761726710865','_widget_1761726710865','VFG名称','text','2025-11-12 00:33:48','2025-11-12 11:36:25','2025-11-11 14:56:33','2025-11-12 11:36:29'),(248235,3,'','_widget_1761726710866','_widget_1761726710866','CCC','text','2025-11-12 00:33:48','2025-11-12 11:36:25','2025-11-11 14:56:33','2025-11-12 11:36:29'),(248236,3,'','_widget_1761726710867','_widget_1761726710867','作业代码','text','2025-11-12 00:33:48','2025-11-12 11:36:25','2025-11-11 14:56:33','2025-11-12 11:36:29'),(248237,3,'','_widget_1761726710868','_widget_1761726710868','作业名称','text','2025-11-12 00:33:48','2025-11-12 11:36:25','2025-11-11 14:56:33','2025-11-12 11:36:29'),(248238,3,'','_widget_1761726710869','_widget_1761726710869','旧件编号','text','2025-11-12 00:33:48','2025-11-12 11:36:25','2025-11-11 14:56:33','2025-11-12 11:36:29'),(248239,3,'','_widget_1761726710870','_widget_1761726710870','旧件名称','text','2025-11-12 00:33:48','2025-11-12 11:36:25','2025-11-11 14:56:33','2025-11-12 11:36:29'),(248240,3,'','_widget_1761726710871','_widget_1761726710871','旧件供应商编码','text','2025-11-12 00:33:48','2025-11-12 11:36:25','2025-11-11 14:56:33','2025-11-12 11:36:29'),(248241,3,'','_widget_1761726710872','_widget_1761726710872','旧件供应商名称','text','2025-11-12 00:33:48','2025-11-12 11:36:25','2025-11-11 14:56:33','2025-11-12 11:36:29'),(248242,3,'','_widget_1761726710873','_widget_1761726710873','维修信息备注','text','2025-11-12 00:33:48','2025-11-12 11:36:25','2025-11-11 14:56:33','2025-11-12 11:36:29'),(248243,3,'','_widget_1761726710874','_widget_1761726710874','维修站编码','text','2025-11-12 00:33:48','2025-11-12 11:36:25','2025-11-11 14:56:33','2025-11-12 11:36:29'),(248244,3,'','_widget_1761726710875','_widget_1761726710875','维修站','text','2025-11-12 00:33:48','2025-11-12 11:36:25','2025-11-11 14:56:33','2025-11-12 11:36:29'),(248245,3,'','_widget_1761726710876','_widget_1761726710876','维修类别','text','2025-11-12 00:33:48','2025-11-12 11:36:25','2025-11-11 14:56:33','2025-11-12 11:36:29'),(248246,3,'','_widget_1761726710877','_widget_1761726710877','维修分类','text','2025-11-12 00:33:48','2025-11-12 11:36:25','2025-11-11 14:56:33','2025-11-12 11:36:29'),(248247,3,'','_widget_1761726710878','_widget_1761726710878','行驶里程','number','2025-11-12 00:33:48','2025-11-12 11:36:25','2025-11-11 14:56:33','2025-11-12 11:36:29'),(248248,3,'','_widget_1761726710879','_widget_1761726710879','故障描述','textarea','2025-11-12 00:33:48','2025-11-12 11:36:25','2025-11-11 14:56:33','2025-11-12 11:36:29'),(248249,3,'','_widget_1761726710880','_widget_1761726710880','故障原因','textarea','2025-11-12 00:33:48','2025-11-12 11:36:25','2025-11-11 14:56:33','2025-11-12 11:36:29'),(248250,3,'','_widget_1761726710881','_widget_1761726710881','结算工时费','number','2025-11-12 00:33:48','2025-11-12 11:36:25','2025-11-11 14:56:33','2025-11-12 11:36:29'),(248251,3,'','_widget_1761726710882','_widget_1761726710882','生产月','number','2025-11-12 00:33:48','2025-11-12 11:36:25','2025-11-11 14:56:33','2025-11-12 11:36:29'),(248252,3,'','_widget_1761726710883','_widget_1761726710883','结算材料费','number','2025-11-12 00:33:48','2025-11-12 11:36:25','2025-11-11 14:56:33','2025-11-12 11:36:29'),(248253,3,'','_widget_1761726710884','_widget_1761726710884','维修明细ID','text','2025-11-12 00:33:48','2025-11-12 11:36:25','2025-11-11 14:56:33','2025-11-12 11:36:29'),(248254,4,'','_widget_1759140408563','_widget_1759140408563','RK_ID','number','2025-11-12 01:44:06','2025-11-12 11:36:25','2025-11-11 14:56:33','2025-11-12 11:36:29'),(248255,4,'','_widget_1759140408564','_widget_1759140408564','车型','text','2025-11-12 01:44:06','2025-11-12 11:36:25','2025-11-11 14:56:33','2025-11-12 11:36:29'),(248256,4,'','_widget_1759225102790','_widget_1759225102790','制造时间','text','2025-11-12 01:44:06','2025-11-12 11:36:25','2025-11-11 14:56:33','2025-11-12 11:36:29'),(248257,4,'','_widget_1759140408566','_widget_1759140408566','0MIS样本数','number','2025-11-12 01:44:06','2025-11-12 11:36:25','2025-11-11 14:56:33','2025-11-12 11:36:29'),(248258,4,'','_widget_1759140408567','_widget_1759140408567','0MIS维修数','number','2025-11-12 01:44:06','2025-11-12 11:36:25','2025-11-11 14:56:33','2025-11-12 11:36:29'),(248259,4,'','_widget_1759140408568','_widget_1759140408568','0MIS/R1000','number','2025-11-12 01:44:06','2025-11-12 11:36:25','2025-11-11 14:56:33','2025-11-12 11:36:29'),(248260,4,'','_widget_1759140408569','_widget_1759140408569','3MIS样本数','number','2025-11-12 01:44:06','2025-11-12 11:36:25','2025-11-11 14:56:33','2025-11-12 11:36:29'),(248261,4,'','_widget_1759140408570','_widget_1759140408570','3MIS维修数','number','2025-11-12 01:44:06','2025-11-12 11:36:25','2025-11-11 14:56:33','2025-11-12 11:36:29'),(248262,4,'','_widget_1759140408571','_widget_1759140408571','3MIS/R1000','number','2025-11-12 01:44:06','2025-11-12 11:36:25','2025-11-11 14:56:33','2025-11-12 11:36:29'),(248263,4,'','_widget_1759140408572','_widget_1759140408572','12MIS样本数','number','2025-11-12 01:44:06','2025-11-12 11:36:25','2025-11-11 14:56:33','2025-11-12 11:36:29'),(248264,4,'','_widget_1759140408573','_widget_1759140408573','12MIS维修数','number','2025-11-12 01:44:06','2025-11-12 11:36:25','2025-11-11 14:56:33','2025-11-12 11:36:29'),(248265,4,'','_widget_1759140408574','_widget_1759140408574','12MIS/R1000','number','2025-11-12 01:44:06','2025-11-12 11:36:25','2025-11-11 14:56:33','2025-11-12 11:36:29'),(248266,4,'','_widget_1759140408575','_widget_1759140408575','24MIS样本数','number','2025-11-12 01:44:06','2025-11-12 11:36:25','2025-11-11 14:56:33','2025-11-12 11:36:29'),(248267,4,'','_widget_1759140408576','_widget_1759140408576','24MIS维修数','number','2025-11-12 01:44:06','2025-11-12 11:36:25','2025-11-11 14:56:33','2025-11-12 11:36:29'),(248268,4,'','_widget_1759140408577','_widget_1759140408577','24MIS/R1000','number','2025-11-12 01:44:06','2025-11-12 11:36:25','2025-11-11 14:56:33','2025-11-12 11:36:29'),(248269,4,'','_widget_1759140408578','_widget_1759140408578','36MIS样本数','number','2025-11-12 01:44:06','2025-11-12 11:36:25','2025-11-11 14:56:33','2025-11-12 11:36:29'),(248270,4,'','_widget_1759140408579','_widget_1759140408579','36MIS维修数','number','2025-11-12 01:44:06','2025-11-12 11:36:25','2025-11-11 14:56:33','2025-11-12 11:36:29'),(248271,4,'','_widget_1759226259620','_widget_1759226259620','36MIS/R1000','number','2025-11-12 01:44:06','2025-11-12 11:36:25','2025-11-11 14:56:33','2025-11-12 11:36:29'),(248272,4,'','_widget_1759140408581','_widget_1759140408581','周期分类','text','2025-11-12 01:44:06','2025-11-12 11:36:25','2025-11-11 14:56:33','2025-11-12 11:36:29'),(248273,4,'','_widget_1759140408582','_widget_1759140408582','截止日期','datetime','2025-11-12 01:44:06','2025-11-12 11:36:25','2025-11-11 14:56:33','2025-11-12 11:36:29'),(248274,4,'','_widget_1760339251544','_widget_1760339251544','Input_time','datetime','2025-11-12 01:44:06','2025-11-12 11:36:25','2025-11-11 14:56:33','2025-11-12 11:36:29'),(248275,5,'','_widget_1759051543837','_widget_1759051543837','分工ID','number','2025-11-10 07:10:12','2025-11-12 11:36:25','2025-11-11 14:56:33','2025-11-12 11:36:29'),(248276,5,'','_widget_1759051543838','_widget_1759051543838','车型','text','2025-11-10 07:10:12','2025-11-12 11:36:25','2025-11-11 14:56:33','2025-11-12 11:36:29'),(248277,5,'','_widget_1759051543839','_widget_1759051543839','CCC','text','2025-11-10 07:10:12','2025-11-12 11:36:25','2025-11-11 14:56:33','2025-11-12 11:36:29'),(248278,5,'','_widget_1759051543840','_widget_1759051543840','业务单元','text','2025-11-10 07:10:12','2025-11-12 11:36:25','2025-11-11 14:56:33','2025-11-12 11:36:29'),(248279,5,'','_widget_1759051543841','_widget_1759051543841','质量工程师','text','2025-11-10 07:10:12','2025-11-12 11:36:25','2025-11-11 14:56:33','2025-11-12 11:36:29'),(248280,5,'','_widget_1759051543842','_widget_1759051543842','TGW业务单元','text','2025-11-10 07:10:12','2025-11-12 11:36:25','2025-11-11 14:56:33','2025-11-12 11:36:29'),(248281,5,'','_widget_1759051543843','_widget_1759051543843','TGW质量工程师','text','2025-11-10 07:10:12','2025-11-12 11:36:25','2025-11-11 14:56:33','2025-11-12 11:36:29'),(248282,5,'','_widget_1759051543844','_widget_1759051543844','Updated_time','datetime','2025-11-10 07:10:12','2025-11-12 11:36:25','2025-11-11 14:56:33','2025-11-12 11:36:29'),(248283,7,'','_widget_1759136219980','business_key','business_key','text','2025-11-11 21:03:18','2025-11-12 11:36:25','2025-11-11 14:56:33','2025-11-12 11:36:29'),(248284,7,'','_widget_1760163812141','_widget_1760163812141','item_status','text','2025-11-11 21:03:18','2025-11-12 11:36:25','2025-11-11 14:56:33','2025-11-12 11:36:29'),(248285,7,'','_widget_1759136219979','main_info_id','main_info_id','number','2025-11-11 21:03:18','2025-11-12 11:36:25','2025-11-11 14:56:33','2025-11-12 11:36:29'),(248286,7,'','_widget_1759136219981','work_type_name','work_type_name','text','2025-11-11 21:03:18','2025-11-12 11:36:25','2025-11-11 14:56:33','2025-11-12 11:36:29'),(248287,7,'','_widget_1759136219982','order_id','order_id','text','2025-11-11 21:03:18','2025-11-12 11:36:25','2025-11-11 14:56:33','2025-11-12 11:36:29'),(248288,7,'','_widget_1759136219983','order_status','order_status','text','2025-11-11 21:03:18','2025-11-12 11:36:25','2025-11-11 14:56:33','2025-11-12 11:36:29'),(248289,7,'','_widget_1759153813268','_widget_1759153813268','car_info','aggregationtext','2025-11-11 21:03:18','2025-11-12 11:36:25','2025-11-11 14:56:33','2025-11-12 11:36:29'),(248290,7,'','_widget_1759136219984','car_series','car_series','text','2025-11-11 21:03:18','2025-11-12 11:36:25','2025-11-11 14:56:33','2025-11-12 11:36:29'),(248291,7,'','_widget_1759136219985','vehicle_information','vehicle_information','text','2025-11-11 21:03:18','2025-11-12 11:36:25','2025-11-11 14:56:33','2025-11-12 11:36:29'),(248292,7,'','_widget_1759136219986','vin','vin','text','2025-11-11 21:03:18','2025-11-12 11:36:25','2025-11-11 14:56:33','2025-11-12 11:36:29'),(248293,7,'','_widget_1759136219987','order_store_name','order_store_name','text','2025-11-11 21:03:18','2025-11-12 11:36:25','2025-11-11 14:56:33','2025-11-12 11:36:29'),(248294,7,'','_widget_1759136219988','delivery_store_name','delivery_store_name','text','2025-11-11 21:03:18','2025-11-12 11:36:25','2025-11-11 14:56:33','2025-11-12 11:36:29'),(248295,7,'','_widget_1759136219989','work_level','work_level','text','2025-11-11 21:03:18','2025-11-12 11:36:25','2025-11-11 14:56:33','2025-11-12 11:36:29'),(248296,7,'','_widget_1759136219990','work_status','work_status','text','2025-11-11 21:03:18','2025-11-12 11:36:25','2025-11-11 14:56:33','2025-11-12 11:36:29'),(248297,7,'','_widget_1759136219991','work_order_label','work_order_label','text','2025-11-11 21:03:18','2025-11-12 11:36:25','2025-11-11 14:56:33','2025-11-12 11:36:29'),(248298,7,'','_widget_1759136219992','processing_status','processing_status','text','2025-11-11 21:03:18','2025-11-12 11:36:25','2025-11-11 14:56:33','2025-11-12 11:36:29'),(248299,7,'','_widget_1759136219993','current_processor_name','current_processor_name','text','2025-11-11 21:03:18','2025-11-12 11:36:25','2025-11-11 14:56:33','2025-11-12 11:36:29'),(248300,7,'','_widget_1759136219994','final_processor_name','final_processor_name','text','2025-11-11 21:03:18','2025-11-12 11:36:25','2025-11-11 14:56:33','2025-11-12 11:36:29'),(248301,7,'','_widget_1759136219995','steward_first_reply_time','steward_first_reply_time','text','2025-11-11 21:03:18','2025-11-12 11:36:25','2025-11-11 14:56:33','2025-11-12 11:36:29'),(248302,7,'','_widget_1759136219996','steward_first_reply_time_cnt','steward_first_reply_time_cnt','number','2025-11-11 21:03:18','2025-11-12 11:36:25','2025-11-11 14:56:33','2025-11-12 11:36:29'),(248303,7,'','_widget_1759136219997','shop_first_reply_time_cnt','shop_first_reply_time_cnt','text','2025-11-11 21:03:18','2025-11-12 11:36:25','2025-11-11 14:56:33','2025-11-12 11:36:29'),(248304,7,'','_widget_1759136219998','distribution_num','distribution_num','text','2025-11-11 21:03:18','2025-11-12 11:36:25','2025-11-11 14:56:33','2025-11-12 11:36:29'),(248305,7,'','_widget_1759153114659','created_time','created_time','datetime','2025-11-11 21:03:18','2025-11-12 11:36:25','2025-11-11 14:56:33','2025-11-12 11:36:29'),(248306,7,'','_widget_1759136220000','upgrade_time','upgrade_time','text','2025-11-11 21:03:18','2025-11-12 11:36:25','2025-11-11 14:56:33','2025-11-12 11:36:29'),(248307,7,'','_widget_1759136220001','agreement_time','agreement_time','text','2025-11-11 21:03:18','2025-11-12 11:36:25','2025-11-11 14:56:33','2025-11-12 11:36:29'),(248308,7,'','_widget_1759136220002','processing_finish_time','processing_finish_time','text','2025-11-11 21:03:18','2025-11-12 11:36:25','2025-11-11 14:56:33','2025-11-12 11:36:29'),(248309,7,'','_widget_1759136220003','treat_close_time','treat_close_time','text','2025-11-11 21:03:18','2025-11-12 11:36:25','2025-11-11 14:56:33','2025-11-12 11:36:29'),(248310,7,'','_widget_1759136220004','work_order_closed_time','work_order_closed_time','text','2025-11-11 21:03:18','2025-11-12 11:36:25','2025-11-11 14:56:33','2025-11-12 11:36:29'),(248311,7,'','_widget_1759136220005','dealing_time_cnt','dealing_time_cnt','text','2025-11-11 21:03:18','2025-11-12 11:36:25','2025-11-11 14:56:33','2025-11-12 11:36:29'),(248312,7,'','_widget_1759136220006','consulting_type','consulting_type','text','2025-11-11 21:03:18','2025-11-12 11:36:25','2025-11-11 14:56:33','2025-11-12 11:36:29'),(248313,7,'','_widget_1759136220007','sl_ccc','sl_ccc','text','2025-11-11 21:03:18','2025-11-12 11:36:25','2025-11-11 14:56:33','2025-11-12 11:36:29'),(248314,7,'','_widget_1759153421945','consulting_content','consulting_content','textarea','2025-11-11 21:03:18','2025-11-12 11:36:25','2025-11-11 14:56:33','2025-11-12 11:36:29'),(248315,7,'','_widget_1759136220009','latest_remark','latest_remark','text','2025-11-11 21:03:18','2025-11-12 11:36:25','2025-11-11 14:56:33','2025-11-12 11:36:29'),(248316,7,'','_widget_1759136220010','solution','solution','number','2025-11-11 21:03:18','2025-11-12 11:36:25','2025-11-11 14:56:33','2025-11-12 11:36:29'),(248317,7,'','_widget_1759136220011','is_solved','is_solved','text','2025-11-11 21:03:18','2025-11-12 11:36:25','2025-11-11 14:56:33','2025-11-12 11:36:29'),(248318,7,'','_widget_1759136220012','deal_area_name','deal_area_name','text','2025-11-11 21:03:18','2025-11-12 11:36:25','2025-11-11 14:56:33','2025-11-12 11:36:29'),(248319,7,'','_widget_1759136220013','deal_province_name','deal_province_name','text','2025-11-11 21:03:18','2025-11-12 11:36:25','2025-11-11 14:56:33','2025-11-12 11:36:29'),(248320,7,'','_widget_1759136220014','deal_city_name','deal_city_name','text','2025-11-11 21:03:18','2025-11-12 11:36:25','2025-11-11 14:56:33','2025-11-12 11:36:29'),(248321,7,'','_widget_1759136220015','deal_county_name','deal_county_name','text','2025-11-11 21:03:18','2025-11-12 11:36:25','2025-11-11 14:56:33','2025-11-12 11:36:29'),(248322,7,'','_widget_1759136220016','work_source','work_source','text','2025-11-11 21:03:18','2025-11-12 11:36:25','2025-11-11 14:56:33','2025-11-12 11:36:29'),(248323,7,'','_widget_1759136220017','deal_stores_channel','deal_stores_channel','text','2025-11-11 21:03:18','2025-11-12 11:36:25','2025-11-11 14:56:33','2025-11-12 11:36:29'),(248324,7,'','_widget_1759136220018','deal_store_code','deal_store_code','text','2025-11-11 21:03:18','2025-11-12 11:36:25','2025-11-11 14:56:33','2025-11-12 11:36:29'),(248325,7,'','_widget_1759136220019','deal_store_name','deal_store_name','text','2025-11-11 21:03:18','2025-11-12 11:36:25','2025-11-11 14:56:33','2025-11-12 11:36:29'),(248326,7,'','_widget_1759136220020','deal_stores_company','deal_stores_company','text','2025-11-11 21:03:18','2025-11-12 11:36:25','2025-11-11 14:56:33','2025-11-12 11:36:29'),(248327,7,'','_widget_1759136220021','created_by_name','created_by_name','text','2025-11-11 21:03:18','2025-11-12 11:36:25','2025-11-11 14:56:33','2025-11-12 11:36:29'),(248328,7,'','_widget_1759136220022','end_date','end_date','text','2025-11-11 21:03:18','2025-11-12 11:36:25','2025-11-11 14:56:33','2025-11-12 11:36:29'),(248329,7,'','_widget_1759136220023','sl_score','sl_score','text','2025-11-11 21:03:18','2025-11-12 11:36:25','2025-11-11 14:56:33','2025-11-12 11:36:29'),(248330,7,'','_widget_1759136220024','label_values','label_values','text','2025-11-11 21:03:18','2025-11-12 11:36:25','2025-11-11 14:56:33','2025-11-12 11:36:29'),(248331,7,'','_widget_1759136220025','content','content','text','2025-11-11 21:03:18','2025-11-12 11:36:25','2025-11-11 14:56:33','2025-11-12 11:36:29'),(248332,7,'','_widget_1759136220026','steward_group_name','steward_group_name','text','2025-11-11 21:03:18','2025-11-12 11:36:25','2025-11-11 14:56:33','2025-11-12 11:36:29'),(248333,7,'','_widget_1759136220027','first_deal_steward','first_deal_steward','text','2025-11-11 21:03:18','2025-11-12 11:36:25','2025-11-11 14:56:33','2025-11-12 11:36:29'),(248334,7,'','_widget_1759136220028','first_deal_steward_time','first_deal_steward_time','text','2025-11-11 21:03:18','2025-11-12 11:36:25','2025-11-11 14:56:33','2025-11-12 11:36:29'),(248335,7,'','_widget_1759136220029','problem_type','problem_type','text','2025-11-11 21:03:18','2025-11-12 11:36:25','2025-11-11 14:56:33','2025-11-12 11:36:29'),(248336,7,'','_widget_1759136220030','first_class','first_class','text','2025-11-11 21:03:18','2025-11-12 11:36:25','2025-11-11 14:56:33','2025-11-12 11:36:29'),(248337,7,'','_widget_1759136220031','second_class','second_class','text','2025-11-11 21:03:18','2025-11-12 11:36:25','2025-11-11 14:56:33','2025-11-12 11:36:29'),(248338,7,'','_widget_1759136220032','third_class','third_class','text','2025-11-11 21:03:18','2025-11-12 11:36:25','2025-11-11 14:56:33','2025-11-12 11:36:29'),(248339,7,'','_widget_1759136220033','fourth_class','fourth_class','text','2025-11-11 21:03:18','2025-11-12 11:36:25','2025-11-11 14:56:33','2025-11-12 11:36:29'),(248340,7,'','_widget_1759136220034','first_reverse_time','first_reverse_time','text','2025-11-11 21:03:18','2025-11-12 11:36:25','2025-11-11 14:56:33','2025-11-12 11:36:29'),(248341,7,'','_widget_1759136220035','relate_business_key','relate_business_key','number','2025-11-11 21:03:18','2025-11-12 11:36:25','2025-11-11 14:56:33','2025-11-12 11:36:29'),(248342,7,'','_widget_1759136220036','reply_fifth','reply_fifth','text','2025-11-11 21:03:18','2025-11-12 11:36:25','2025-11-11 14:56:33','2025-11-12 11:36:29'),(248343,7,'','_widget_1759136220037','duty_store_id','duty_store_id','number','2025-11-11 21:03:18','2025-11-12 11:36:25','2025-11-11 14:56:33','2025-11-12 11:36:29'),(248344,7,'','_widget_1759136220038','duty_store_channel','duty_store_channel','number','2025-11-11 21:03:18','2025-11-12 11:36:25','2025-11-11 14:56:33','2025-11-12 11:36:29'),(248345,7,'','_widget_1759136220039','duty_store_code','duty_store_code','text','2025-11-11 21:03:18','2025-11-12 11:36:25','2025-11-11 14:56:33','2025-11-12 11:36:29'),(248346,7,'','_widget_1759136220040','duty_store_name','duty_store_name','text','2025-11-11 21:03:18','2025-11-12 11:36:25','2025-11-11 14:56:33','2025-11-12 11:36:29'),(248347,7,'','_widget_1759136220041','duty_store_company','duty_store_company','text','2025-11-11 21:03:18','2025-11-12 11:36:25','2025-11-11 14:56:33','2025-11-12 11:36:29'),(248348,7,'','_widget_1759136220042','steward_group_first_steward_name','steward_group_first_steward_name','text','2025-11-11 21:03:18','2025-11-12 11:36:25','2025-11-11 14:56:33','2025-11-12 11:36:29'),(248349,7,'','_widget_1759136220043','steward_group_first_reply_time','steward_group_first_reply_time','text','2025-11-11 21:03:18','2025-11-12 11:36:25','2025-11-11 14:56:33','2025-11-12 11:36:29'),(248350,7,'','_widget_1759136220044','customer_phone','customer_phone','text','2025-11-11 21:03:18','2025-11-12 11:36:25','2025-11-11 14:56:33','2025-11-12 11:36:29'),(248351,7,'','_widget_1759136220045','pre_close_time','pre_close_time','text','2025-11-11 21:03:18','2025-11-12 11:36:25','2025-11-11 14:56:33','2025-11-12 11:36:29'),(248352,7,'','_widget_1759136220046','created_by','created_by','number','2025-11-11 21:03:18','2025-11-12 11:36:25','2025-11-11 14:56:33','2025-11-12 11:36:29'),(248353,7,'','_widget_1759136220047','consulting_class_1','consulting_class_1','text','2025-11-11 21:03:18','2025-11-12 11:36:25','2025-11-11 14:56:33','2025-11-12 11:36:29'),(248354,7,'','_widget_1759136220048','consulting_class_2','consulting_class_2','text','2025-11-11 21:03:18','2025-11-12 11:36:25','2025-11-11 14:56:33','2025-11-12 11:36:29'),(248355,7,'','_widget_1759136220049','consulting_class_3','consulting_class_3','text','2025-11-11 21:03:18','2025-11-12 11:36:25','2025-11-11 14:56:33','2025-11-12 11:36:29'),(248356,7,'','_widget_1759136220050','consulting_class_4','consulting_class_4','text','2025-11-11 21:03:18','2025-11-12 11:36:25','2025-11-11 14:56:33','2025-11-12 11:36:29'),(248357,7,'','_widget_1759194753924','consulting_class_5','consulting_class_5','text','2025-11-11 21:03:18','2025-11-12 11:36:25','2025-11-11 14:56:33','2025-11-12 11:36:29'),(248358,8,'','_widget_1742961087355','_widget_1742961087355','问题ID','text','2025-11-12 02:49:23','2025-11-12 11:36:25','2025-11-11 14:56:33','2025-11-12 11:36:29'),(248359,8,'','_widget_1760594321543','_widget_1760594321543','推送记录','text','2025-11-12 02:49:23','2025-11-12 11:36:25','2025-11-11 14:56:33','2025-11-12 11:36:29'),(248360,8,'','_widget_1741083939033','_widget_1741083939033','接收问题时间','datetime','2025-11-12 02:49:23','2025-11-12 11:36:25','2025-11-11 14:56:33','2025-11-12 11:36:29'),(248361,8,'','_widget_1741083939037','_widget_1741083939037','计划关闭时间','datetime','2025-11-12 02:49:23','2025-11-12 11:36:25','2025-11-11 14:56:33','2025-11-12 11:36:29'),(248362,8,'','_widget_1741083939038','_widget_1741083939038','实际关闭时间','datetime','2025-11-12 02:49:23','2025-11-12 11:36:25','2025-11-11 14:56:33','2025-11-12 11:36:29'),(248363,8,'','_widget_1741083939036','_widget_1741083939036','问题状态','text','2025-11-12 02:49:23','2025-11-12 11:36:25','2025-11-11 14:56:33','2025-11-12 11:36:29'),(248364,8,'','_widget_1741083939007','_widget_1741083939007','业务单元','text','2025-11-12 02:49:23','2025-11-12 11:36:25','2025-11-11 14:56:33','2025-11-12 11:36:29'),(248365,8,'','_widget_1741083939031','_widget_1741083939031','改善部门','text','2025-11-12 02:49:23','2025-11-12 11:36:25','2025-11-11 14:56:33','2025-11-12 11:36:29'),(248366,8,'','_widget_1741083939005','_widget_1741083939005','车型','text','2025-11-12 02:49:23','2025-11-12 11:36:25','2025-11-11 14:56:33','2025-11-12 11:36:29'),(248367,8,'','_widget_1741083939020','_widget_1741083939020','范围','text','2025-11-12 02:49:23','2025-11-12 11:36:25','2025-11-11 14:56:33','2025-11-12 11:36:29'),(248368,8,'','_widget_1741083939014','_widget_1741083939014','行驶里程','text','2025-11-12 02:49:23','2025-11-12 11:36:25','2025-11-11 14:56:33','2025-11-12 11:36:29'),(248369,8,'','_widget_1741083939015','_widget_1741083939015','问题来源','text','2025-11-12 02:49:23','2025-11-12 11:36:25','2025-11-11 14:56:33','2025-11-12 11:36:29'),(248370,8,'','_widget_1741083939012','_widget_1741083939012','零部件','text','2025-11-12 02:49:23','2025-11-12 11:36:25','2025-11-11 14:56:33','2025-11-12 11:36:29'),(248371,8,'','_widget_1741083939010','_widget_1741083939010','CCC','text','2025-11-12 02:49:23','2025-11-12 11:36:25','2025-11-11 14:56:33','2025-11-12 11:36:29'),(248372,8,'','_widget_1741083939016','_widget_1741083939016','故障症状分类','text','2025-11-12 02:49:23','2025-11-12 11:36:25','2025-11-11 14:56:33','2025-11-12 11:36:29'),(248373,8,'','_widget_1759205825639','_widget_1759205825639','改善负责人','text','2025-11-12 02:49:23','2025-11-12 11:36:25','2025-11-11 14:56:33','2025-11-12 11:36:29'),(248374,8,'','_widget_1759139512375','_widget_1759139512375','跟踪人','text','2025-11-12 02:49:23','2025-11-12 11:36:25','2025-11-11 14:56:33','2025-11-12 11:36:29'),(248375,8,'','_widget_1755762210325','_widget_1755762210325','维修时间','datetime','2025-11-12 02:49:23','2025-11-12 11:36:25','2025-11-11 14:56:33','2025-11-12 11:36:29'),(248376,8,'','_widget_1755762210322','_widget_1755762210322','三包单号','text','2025-11-12 02:49:23','2025-11-12 11:36:25','2025-11-11 14:56:33','2025-11-12 11:36:29'),(248377,8,'','_widget_1755762210323','_widget_1755762210323','生产日期','datetime','2025-11-12 02:49:23','2025-11-12 11:36:25','2025-11-11 14:56:33','2025-11-12 11:36:29'),(248378,8,'','_widget_1755762210324','_widget_1755762210324','销售日期','datetime','2025-11-12 02:49:23','2025-11-12 11:36:25','2025-11-11 14:56:33','2025-11-12 11:36:29'),(248379,8,'','_widget_1755762210327','_widget_1755762210327','维修站','text','2025-11-12 02:49:23','2025-11-12 11:36:25','2025-11-11 14:56:33','2025-11-12 11:36:29'),(248380,8,'','_widget_1741083939017','_widget_1741083939017','问题描述D2','textarea','2025-11-12 02:49:23','2025-11-12 11:36:25','2025-11-11 14:56:33','2025-11-12 11:36:29'),(248381,8,'','_widget_1741083939025','_widget_1741083939025','临时措施D3','textarea','2025-11-12 02:49:23','2025-11-12 11:36:25','2025-11-11 14:56:33','2025-11-12 11:36:29'),(248382,8,'','_widget_1741083939027','_widget_1741083939027','原因分析D4','textarea','2025-11-12 02:49:23','2025-11-12 11:36:25','2025-11-11 14:56:33','2025-11-12 11:36:29'),(248383,8,'','_widget_1741083939028','_widget_1741083939028','永久措施D5','textarea','2025-11-12 02:49:23','2025-11-12 11:36:25','2025-11-11 14:56:33','2025-11-12 11:36:29'),(248384,8,'','_widget_1741083939029','_widget_1741083939029','永久措施验证D6','textarea','2025-11-12 02:49:23','2025-11-12 11:36:25','2025-11-11 14:56:33','2025-11-12 11:36:29'),(248385,8,'','_widget_1741083939034','_widget_1741083939034','预防措施/长效机制D7','textarea','2025-11-12 02:49:23','2025-11-12 11:36:25','2025-11-11 14:56:33','2025-11-12 11:36:29'),(248386,8,'','_widget_1741083939042','_widget_1741083939042','问题简述（整改进展）','textarea','2025-11-12 02:49:23','2025-11-12 11:36:25','2025-11-11 14:56:33','2025-11-12 11:36:29'),(248387,8,'','_widget_1741083939026','_widget_1741083939026','临时措施实施时间','datetime','2025-11-12 02:49:23','2025-11-12 11:36:25','2025-11-11 14:56:33','2025-11-12 11:36:29'),(248388,8,'','_widget_1741083939030','_widget_1741083939030','永久措施切换实施时间','text','2025-11-12 02:49:23','2025-11-12 11:36:25','2025-11-11 14:56:33','2025-11-12 11:36:29'),(248389,8,'','_widget_1741083939035','_widget_1741083939035','预防措施实施时间','datetime','2025-11-12 02:49:23','2025-11-12 11:36:25','2025-11-11 14:56:33','2025-11-12 11:36:29'),(248390,8,'','_widget_1741083939008','_widget_1741083939008','VRT','text','2025-11-12 02:49:23','2025-11-12 11:36:25','2025-11-11 14:56:33','2025-11-12 11:36:29'),(248391,8,'','_widget_1741083939018','_widget_1741083939018','回访情况','datetime','2025-11-12 02:49:23','2025-11-12 11:36:25','2025-11-11 14:56:33','2025-11-12 11:36:29'),(248392,8,'','_widget_1741083939011','_widget_1741083939011','零件号','text','2025-11-12 02:49:23','2025-11-12 11:36:25','2025-11-11 14:56:33','2025-11-12 11:36:29'),(248393,8,'','_widget_1741083939009','_widget_1741083939009','VFG','text','2025-11-12 02:49:23','2025-11-12 11:36:25','2025-11-11 14:56:33','2025-11-12 11:36:29'),(248394,8,'','_widget_1741083939013','_widget_1741083939013','供应商','text','2025-11-12 02:49:23','2025-11-12 11:36:25','2025-11-11 14:56:34','2025-11-12 11:36:29'),(248395,8,'','_widget_1741083939019','_widget_1741083939019','QCM围堵','number','2025-11-12 02:49:23','2025-11-12 11:36:25','2025-11-11 14:56:34','2025-11-12 11:36:29'),(248396,8,'','_widget_1741083939021','_widget_1741083939021','工厂车辆数','text','2025-11-12 02:49:23','2025-11-12 11:36:25','2025-11-11 14:56:34','2025-11-12 11:36:29'),(248397,8,'','_widget_1741083939022','_widget_1741083939022','售前售后车辆数','text','2025-11-12 02:49:23','2025-11-12 11:36:25','2025-11-11 14:56:34','2025-11-12 11:36:29'),(248398,8,'','_widget_1741083939023','_widget_1741083939023','涉及数量','text','2025-11-12 02:49:23','2025-11-12 11:36:25','2025-11-11 14:56:34','2025-11-12 11:36:29'),(248399,8,'','_widget_1741083939024','_widget_1741083939024','HOLD数量','text','2025-11-12 02:49:23','2025-11-12 11:36:25','2025-11-11 14:56:34','2025-11-12 11:36:29'),(248400,8,'','_widget_1741083939039','_widget_1741083939039','问题属性1','text','2025-11-12 02:49:23','2025-11-12 11:36:25','2025-11-11 14:56:34','2025-11-12 11:36:29'),(248401,8,'','_widget_1741083939040','_widget_1741083939040','问题属性2','text','2025-11-12 02:49:23','2025-11-12 11:36:25','2025-11-11 14:56:34','2025-11-12 11:36:29'),(248402,8,'','_widget_1741083939041','_widget_1741083939041','批量问题','number','2025-11-12 02:49:23','2025-11-12 11:36:25','2025-11-11 14:56:34','2025-11-12 11:36:29'),(248403,8,'','_widget_1741083939043','_widget_1741083939043','TSB编号','text','2025-11-12 02:49:23','2025-11-12 11:36:25','2025-11-11 14:56:34','2025-11-12 11:36:29'),(248404,8,'','_widget_1741083939044','_widget_1741083939044','供应商评价','text','2025-11-12 02:49:23','2025-11-12 11:36:25','2025-11-11 14:56:34','2025-11-12 11:36:29'),(248405,8,'','_widget_1741083939045','_widget_1741083939045','索赔编号','text','2025-11-12 02:49:23','2025-11-12 11:36:25','2025-11-11 14:56:34','2025-11-12 11:36:29'),(248406,8,'','_widget_1741083939046','_widget_1741083939046','索赔形式','text','2025-11-12 02:49:23','2025-11-12 11:36:25','2025-11-11 14:56:34','2025-11-12 11:36:29'),(248407,8,'','_widget_1741083939047','_widget_1741083939047','AQIMS系统ID','text','2025-11-12 02:49:23','2025-11-12 11:36:25','2025-11-11 14:56:34','2025-11-12 11:36:29'),(248408,8,'','_widget_1741083939050','_widget_1741083939050','Updated_time','datetime','2025-11-12 02:49:23','2025-11-12 11:36:25','2025-11-11 14:56:34','2025-11-12 11:36:29'),(248409,8,'','_widget_1741083939051','_widget_1741083939051','API_status','number','2025-11-12 02:49:23','2025-11-12 11:36:25','2025-11-11 14:56:34','2025-11-12 11:36:29'),(248410,8,'','_widget_1743823137794','_widget_1743823137794','Input_time','datetime','2025-11-12 02:49:23','2025-11-12 11:36:25','2025-11-11 14:56:34','2025-11-12 11:36:29'),(248411,8,'','_widget_1760337565241','_widget_1760337565241','应避免输入时间','datetime','2025-11-12 02:49:23','2025-11-12 11:36:25','2025-11-11 14:56:34','2025-11-12 11:36:29'),(248412,9,'','_widget_1759109115299','_widget_1759109115299','RK_ID','number','2025-11-12 01:14:27','2025-11-12 11:36:25','2025-11-11 14:56:34','2025-11-12 11:36:29'),(248413,9,'','_widget_1759109115300','_widget_1759109115300','车型','text','2025-11-12 01:14:27','2025-11-12 11:36:25','2025-11-11 14:56:34','2025-11-12 11:36:29'),(248414,9,'','_widget_1759109115301','_widget_1759109115301','CCC','text','2025-11-12 01:14:27','2025-11-12 11:36:25','2025-11-11 14:56:34','2025-11-12 11:36:29'),(248415,9,'','_widget_1759109115302','_widget_1759109115302','制造时间','text','2025-11-12 01:14:27','2025-11-12 11:36:25','2025-11-11 14:56:34','2025-11-12 11:36:29'),(248416,9,'','_widget_1759109115303','_widget_1759109115303','0MIS样本数','number','2025-11-12 01:14:27','2025-11-12 11:36:25','2025-11-11 14:56:34','2025-11-12 11:36:29'),(248417,9,'','_widget_1759109115304','_widget_1759109115304','0MIS维修数','number','2025-11-12 01:14:27','2025-11-12 11:36:25','2025-11-11 14:56:34','2025-11-12 11:36:29'),(248418,9,'','_widget_1759109115305','_widget_1759109115305','0MIS/R1000','number','2025-11-12 01:14:27','2025-11-12 11:36:25','2025-11-11 14:56:34','2025-11-12 11:36:29'),(248419,9,'','_widget_1759109115306','_widget_1759109115306','3MIS样本数','number','2025-11-12 01:14:27','2025-11-12 11:36:25','2025-11-11 14:56:34','2025-11-12 11:36:29'),(248420,9,'','_widget_1759109115307','_widget_1759109115307','3MIS维修数','number','2025-11-12 01:14:27','2025-11-12 11:36:25','2025-11-11 14:56:34','2025-11-12 11:36:29'),(248421,9,'','_widget_1759109115308','_widget_1759109115308','3MIS/R1000','number','2025-11-12 01:14:27','2025-11-12 11:36:25','2025-11-11 14:56:34','2025-11-12 11:36:29'),(248422,9,'','_widget_1759109115309','_widget_1759109115309','12MIS样本数','number','2025-11-12 01:14:27','2025-11-12 11:36:25','2025-11-11 14:56:34','2025-11-12 11:36:29'),(248423,9,'','_widget_1759109115310','_widget_1759109115310','12MIS维修数','number','2025-11-12 01:14:27','2025-11-12 11:36:25','2025-11-11 14:56:34','2025-11-12 11:36:29'),(248424,9,'','_widget_1759109115311','_widget_1759109115311','12MIS/R1000','number','2025-11-12 01:14:27','2025-11-12 11:36:25','2025-11-11 14:56:34','2025-11-12 11:36:29'),(248425,9,'','_widget_1759109115312','_widget_1759109115312','24MIS样本数','number','2025-11-12 01:14:27','2025-11-12 11:36:25','2025-11-11 14:56:34','2025-11-12 11:36:29'),(248426,9,'','_widget_1759109115313','_widget_1759109115313','24MIS维修数','number','2025-11-12 01:14:27','2025-11-12 11:36:25','2025-11-11 14:56:34','2025-11-12 11:36:29'),(248427,9,'','_widget_1759225416869','_widget_1759225416869','24MIS/R1000','number','2025-11-12 01:14:27','2025-11-12 11:36:25','2025-11-11 14:56:34','2025-11-12 11:36:29'),(248428,9,'','_widget_1759109115315','_widget_1759109115315','36MIS样本数','number','2025-11-12 01:14:27','2025-11-12 11:36:25','2025-11-11 14:56:34','2025-11-12 11:36:29'),(248429,9,'','_widget_1759109115316','_widget_1759109115316','36MIS维修数','number','2025-11-12 01:14:27','2025-11-12 11:36:25','2025-11-11 14:56:34','2025-11-12 11:36:29'),(248430,9,'','_widget_1759225416870','_widget_1759225416870','36MIS/R1000','number','2025-11-12 01:14:27','2025-11-12 11:36:25','2025-11-11 14:56:34','2025-11-12 11:36:29'),(248431,9,'','_widget_1759109115318','_widget_1759109115318','周期分类','text','2025-11-12 01:14:27','2025-11-12 11:36:25','2025-11-11 14:56:34','2025-11-12 11:36:29'),(248432,9,'','_widget_1759109115319','_widget_1759109115319','截止日期','datetime','2025-11-12 01:14:27','2025-11-12 11:36:25','2025-11-11 14:56:34','2025-11-12 11:36:29'),(248433,9,'','_widget_1760339158634','_widget_1760339158634','Input_time','datetime','2025-11-12 01:14:27','2025-11-12 11:36:25','2025-11-11 14:56:34','2025-11-12 11:36:29'),(248434,10,'','_widget_1759109678541','_widget_1759109678541','TGW_ID','number','2025-11-10 07:09:53','2025-11-12 11:36:25','2025-11-11 14:56:34','2025-11-12 11:36:29'),(248435,10,'','_widget_1759109678542','_widget_1759109678542','车型','text','2025-11-10 07:09:53','2025-11-12 11:36:25','2025-11-11 14:56:34','2025-11-12 11:36:29'),(248436,10,'','_widget_1759109678543','_widget_1759109678543','CCC','text','2025-11-10 07:09:53','2025-11-12 11:36:25','2025-11-11 14:56:34','2025-11-12 11:36:29'),(248437,10,'','_widget_1759109678544','_widget_1759109678544','截止日期','datetime','2025-11-10 07:09:53','2025-11-12 11:36:25','2025-11-11 14:56:34','2025-11-12 11:36:29'),(248438,10,'','_widget_1759109678545','_widget_1759109678545','样本量','number','2025-11-10 07:09:53','2025-11-12 11:36:25','2025-11-11 14:56:34','2025-11-12 11:36:29'),(248439,10,'','_widget_1759109678546','_widget_1759109678546','问题数','number','2025-11-10 07:09:53','2025-11-12 11:36:25','2025-11-11 14:56:34','2025-11-12 11:36:29'),(248440,10,'','_widget_1759109678547','_widget_1759109678547','TGW1000','number','2025-11-10 07:09:53','2025-11-12 11:36:25','2025-11-11 14:56:34','2025-11-12 11:36:29'),(248441,10,'','_widget_1759109678548','_widget_1759109678548','分类','text','2025-11-10 07:09:53','2025-11-12 11:36:25','2025-11-11 14:56:34','2025-11-12 11:36:29'),(248442,10,'','_widget_1760339209294','_widget_1760339209294','Input_time','datetime','2025-11-10 07:09:53','2025-11-12 11:36:25','2025-11-11 14:56:34','2025-11-12 11:36:29'),(248443,11,'','_widget_1760605961670','_widget_1760605961670','序号','number','2025-11-10 07:20:09','2025-11-12 11:36:25','2025-11-11 14:56:34','2025-11-12 11:36:29'),(248444,11,'','_widget_1760605961671','_widget_1760605961671','车型','text','2025-11-10 07:20:09','2025-11-12 11:36:25','2025-11-11 14:56:34','2025-11-12 11:36:29'),(248445,11,'','_widget_1760605961672','_widget_1760605961672','MY','text','2025-11-10 07:20:09','2025-11-12 11:36:25','2025-11-11 14:56:34','2025-11-12 11:36:29'),(248446,11,'','_widget_1760658935346','_widget_1760658935346','MIS','text','2025-11-10 07:20:09','2025-11-12 11:36:25','2025-11-11 14:56:34','2025-11-12 11:36:29'),(248447,11,'','_widget_1760605961674','_widget_1760605961674','业务单元/室组','text','2025-11-10 07:20:09','2025-11-12 11:36:25','2025-11-11 14:56:34','2025-11-12 11:36:29'),(248448,11,'','_widget_1760605961675','_widget_1760605961675','个人','text','2025-11-10 07:20:09','2025-11-12 11:36:25','2025-11-11 14:56:34','2025-11-12 11:36:29'),(248449,11,'','_widget_1760605961676','_widget_1760605961676','R1000指标值','number','2025-11-10 07:20:09','2025-11-12 11:36:25','2025-11-11 14:56:34','2025-11-12 11:36:29'),(248450,11,'','_widget_1760605961677','_widget_1760605961677','R1000内控指标','number','2025-11-10 07:20:09','2025-11-12 11:36:25','2025-11-11 14:56:34','2025-11-12 11:36:29'),(248451,11,'','_widget_1760605961678','_widget_1760605961678','TGW指标','number','2025-11-10 07:20:09','2025-11-12 11:36:25','2025-11-11 14:56:34','2025-11-12 11:36:29'),(248452,11,'','_widget_1760605961679','_widget_1760605961679','TGW内控指标','number','2025-11-10 07:20:09','2025-11-12 11:36:25','2025-11-11 14:56:34','2025-11-12 11:36:29'),(248453,12,'','_widget_1761805746169','_widget_1761805746169','CCC','text','2025-11-10 11:05:21','2025-11-12 11:36:25','2025-11-11 14:56:34','2025-11-12 11:36:29'),(248454,12,'','_widget_1761805746170','_widget_1761805746170','备件名称','text','2025-11-10 11:05:21','2025-11-12 11:36:25','2025-11-11 14:56:34','2025-11-12 11:36:29'),(248455,26,'','_widget_1760163988229','_widget_1760163988229','item_status','text','2025-11-12 03:03:09','2025-11-12 11:36:25','2025-11-11 14:56:34','2025-11-12 11:36:30'),(248456,26,'','_widget_1753694120961','dt','dt','datetime','2025-11-12 03:03:09','2025-11-12 11:36:25','2025-11-11 14:56:34','2025-11-12 11:36:30'),(248457,26,'','_widget_1753694120962','business_id','business_id','text','2025-11-12 03:03:09','2025-11-12 11:36:25','2025-11-11 14:56:34','2025-11-12 11:36:30'),(248458,26,'','_widget_1753694120963','created_time','created_time','datetime','2025-11-12 03:03:09','2025-11-12 11:36:25','2025-11-11 14:56:34','2025-11-12 11:36:30'),(248459,26,'','_widget_1753694120964','car_series_name','car_series_name','text','2025-11-12 03:03:09','2025-11-12 11:36:25','2025-11-11 14:56:34','2025-11-12 11:36:30'),(248460,26,'','_widget_1753694120965','car_info','car_info','text','2025-11-12 03:03:09','2025-11-12 11:36:25','2025-11-11 14:56:34','2025-11-12 11:36:30'),(248461,26,'','_widget_1753694120966','vin','vin','text','2025-11-12 03:03:09','2025-11-12 11:36:25','2025-11-11 14:56:34','2025-11-12 11:36:30'),(248462,26,'','_widget_1753694120967','customer_name','customer_name','text','2025-11-12 03:03:09','2025-11-12 11:36:25','2025-11-11 14:56:34','2025-11-12 11:36:30'),(248463,26,'','_widget_1753694120968','customer_phone','customer_phone','text','2025-11-12 03:03:09','2025-11-12 11:36:25','2025-11-11 14:56:34','2025-11-12 11:36:30'),(248464,26,'','_widget_1753694120969','steward_id','steward_id','number','2025-11-12 03:03:09','2025-11-12 11:36:25','2025-11-11 14:56:34','2025-11-12 11:36:30'),(248465,26,'','_widget_1753694120970','steward_name','steward_name','text','2025-11-12 03:03:09','2025-11-12 11:36:25','2025-11-11 14:56:34','2025-11-12 11:36:30'),(248466,26,'','_widget_1753694120971','first_deal_steward_id','first_deal_steward_id','text','2025-11-12 03:03:09','2025-11-12 11:36:25','2025-11-11 14:56:34','2025-11-12 11:36:30'),(248467,26,'','_widget_1753694120972','first_deal_steward','first_deal_steward','text','2025-11-12 03:03:09','2025-11-12 11:36:25','2025-11-11 14:56:34','2025-11-12 11:36:30'),(248468,26,'','_widget_1753694120973','first_deal_steward_time','first_deal_steward_time','text','2025-11-12 03:03:09','2025-11-12 11:36:25','2025-11-11 14:56:34','2025-11-12 11:36:30'),(248469,26,'','_widget_1753694120974','content','content','textarea','2025-11-12 03:03:09','2025-11-12 11:36:25','2025-11-11 14:56:34','2025-11-12 11:36:30'),(248470,26,'','_widget_1753694120975','ai_level','ai_level','text','2025-11-12 03:03:09','2025-11-12 11:36:25','2025-11-11 14:56:34','2025-11-12 11:36:30'),(248471,26,'','_widget_1753694120976','ai_category','ai_category','text','2025-11-12 03:03:09','2025-11-12 11:36:25','2025-11-11 14:56:34','2025-11-12 11:36:30'),(248472,26,'','_widget_1753694120977','ai_need_notify','ai_need_notify','text','2025-11-12 03:03:09','2025-11-12 11:36:25','2025-11-11 14:56:34','2025-11-12 11:36:30'),(248473,26,'','_widget_1753694120978','ai_content','ai_content','text','2025-11-12 03:03:09','2025-11-12 11:36:25','2025-11-11 14:56:34','2025-11-12 11:36:30'),(248474,26,'','_widget_1753694120979','ai_time','ai_time','text','2025-11-12 03:03:09','2025-11-12 11:36:25','2025-11-11 14:56:34','2025-11-12 11:36:30'),(248475,26,'','_widget_1753694120980','ai_analysis_time','ai_analysis_time','datetime','2025-11-12 03:03:09','2025-11-12 11:36:25','2025-11-11 14:56:34','2025-11-12 11:36:30'),(248476,26,'','_widget_1753694120981','process_time','process_time','number','2025-11-12 03:03:09','2025-11-12 11:36:25','2025-11-11 14:56:34','2025-11-12 11:36:30'),(248477,26,'','_widget_1758788096593','work_type_name','work_type_name','text','2025-11-12 03:03:09','2025-11-12 11:36:25','2025-11-11 14:56:34','2025-11-12 11:36:30'),(248478,26,'','_widget_1758788096594','work_level','work_level','text','2025-11-12 03:03:09','2025-11-12 11:36:25','2025-11-11 14:56:34','2025-11-12 11:36:30'),(248479,26,'','_widget_1758788096595','work_status','work_status','text','2025-11-12 03:03:09','2025-11-12 11:36:25','2025-11-11 14:56:34','2025-11-12 11:36:30'),(248480,26,'','_widget_1758788096596','car_series','car_series','text','2025-11-12 03:03:09','2025-11-12 11:36:25','2025-11-11 14:56:34','2025-11-12 11:36:30'),(248481,26,'','_widget_1758789062718','consulting_type','consulting_type','text','2025-11-12 03:03:09','2025-11-12 11:36:25','2025-11-11 14:56:34','2025-11-12 11:36:30'),(248482,26,'','_widget_1758789062719','sl_ccc','sl_ccc','text','2025-11-12 03:03:09','2025-11-12 11:36:25','2025-11-11 14:56:34','2025-11-12 11:36:30'),(248483,26,'','_widget_1758789062720','first_class','first_class','text','2025-11-12 03:03:09','2025-11-12 11:36:25','2025-11-11 14:56:34','2025-11-12 11:36:30'),(248484,26,'','_widget_1758789062721','second_class','second_class','text','2025-11-12 03:03:09','2025-11-12 11:36:25','2025-11-11 14:56:34','2025-11-12 11:36:30'),(248485,26,'','_widget_1758789062722','third_class','third_class','text','2025-11-12 03:03:09','2025-11-12 11:36:25','2025-11-11 14:56:34','2025-11-12 11:36:30'),(248486,26,'','_widget_1758789062723','fourth_class','fourth_class','text','2025-11-12 03:03:09','2025-11-12 11:36:25','2025-11-11 14:56:34','2025-11-12 11:36:30');
/*!40000 ALTER TABLE `form_fields_mapping` ENABLE KEYS */;

--
-- Dumping data for table `jdy_key_info`
--

/*!40000 ALTER TABLE `jdy_key_info` DISABLE KEYS */;
INSERT INTO `jdy_key_info` (`id`, `department_id`, `api_key`, `description`, `created_at`, `updated_at`) VALUES (1,2,'RD0p5m5vtktvgldnYPbXgG1BT06ruZ9l','质量部门','2025-11-06 13:27:28','2025-11-06 15:25:49');
/*!40000 ALTER TABLE `jdy_key_info` ENABLE KEYS */;

--
-- Dumping data for table `sync_err_log`
--

/*!40000 ALTER TABLE `sync_err_log` DISABLE KEYS */;
INSERT INTO `sync_err_log` (`id`, `sync_type`, `task_id`, `app_id`, `entry_id`, `table_name`, `department_id`, `department_name`, `error_message`, `traceback`, `payload`, `timestamp`, `created_at`, `updated_at`) VALUES (19053,'db2jdy',7,'6607ac2c0d1f1a7ae4807f44','68da49db23b0d617477d15f2','dwd_work_order_union_df',2,'quality_dept','System restart: Task was stuck in \'running\' state.',NULL,'{}','2025-11-12 11:36:25','2025-11-12 11:36:25','2025-11-12 11:36:25'),(19054,'db2jdy',11,'6607ac2c0d1f1a7ae4807f44','68f0b70936c4efcf018c08c9','指标汇总表',2,'quality_dept','System restart: Task was stuck in \'running\' state.',NULL,'{}','2025-11-12 11:36:25','2025-11-12 11:36:25','2025-11-12 11:36:25'),(19055,'db2jdy',26,'6607ac2c0d1f1a7ae4807f44','68d623a8ab68110e273da0aa','dwd_quality_order_ai_analysis_info',2,'quality_dept','System restart: Task was stuck in \'running\' state.',NULL,'{}','2025-11-12 11:36:25','2025-11-12 11:36:25','2025-11-12 11:36:25');
/*!40000 ALTER TABLE `sync_err_log` ENABLE KEYS */;

--
-- Dumping data for table `sync_tasks`
--

INSERT INTO `sync_tasks` ( `id`, `sync_type`, `task_name`, `database_id`, `table_name`, `business_keys`, `app_id`, `entry_id`, `department_id`, `sync_mode`, `incremental_fields`, `incremental_interval`, `full_sync_time`, `source_filter_sql`, `last_binlog_file`, `last_binlog_pos`, `sync_status`
                         , `last_sync_time`, `is_full_sync_first`, `is_delete_first`, `is_active`, `send_error_log_to_wecom`, `wecom_robot_webhook_url`, `created_at`, `updated_at`, `api_secret`, `daily_sync_time`, `daily_sync_type`, `json_as_string`, `label_to_pinyin`, `webhook_url`)
VALUES ( 2, 'db2jdy', '云图维修工单_view', 1, '云图维修工单_view', '["工单号","备件名称"]', '6607ac2c0d1f1a7ae4807f44', '6901d00ba06798a9b9ce1397', 2, 'FULL_SYNC', NULL, 120, '08:45:00', NULL, NULL, NULL, 'idle', '2025-11-12 08:45:34', 0, 0, 1, 0, NULL, '2025-11-03 10:28:40', '2025-11-12 09:45:03', NULL
       , NULL, NULL, 0, 0, NULL)
     , ( 3, 'db2jdy', 'DDM维修工单_view', 1, 'DDM维修工单_view', '["三包单号"]', '6607ac2c0d1f1a7ae4807f44', '6901d0f6d3a8b2532dc22629', 2, 'FULL_SYNC', '["审核时间"]', 240, '08:30:00', NULL, NULL, NULL, 'idle', '2025-11-12 08:33:26', 0, 0, 1, 0, NULL, '2025-11-03 10:29:28', '2025-11-12 08:33:26', NULL
       , NULL, NULL, 0, 0, NULL)
     , ( 4, 'db2jdy', 'R1000记录表_车型', 1, 'R1000记录表_车型', '["RK_ID"]', '6607ac2c0d1f1a7ae4807f44', '68da5a38835d103c4be2a9c0', 2, 'INCREMENTAL', '["Input_Time"]', 240, NULL, NULL, NULL, NULL, 'idle', '2025-11-12 11:36:35', 0, 0, 1, 0, NULL, '2025-11-03 10:29:59', '2025-11-12 11:36:36', NULL, NULL
       , NULL, 0, 0, NULL)
     , ( 5, 'db2jdy', '车型CCC分工明细', 1, '车型CCC分工明细', '["分工ID"]', '6607ac2c0d1f1a7ae4807f44', '68d8ff17644aa36018327fa5', 2, 'INCREMENTAL', '["Updated_time"]', 120, NULL, NULL, NULL, NULL, 'idle', '2025-11-12 11:36:35', 0, 0, 1, 0, NULL, '2025-11-03 10:30:37', '2025-11-12 11:36:36', NULL, NULL
       , NULL, 0, 0, NULL)
     , ( 6, 'db2jdy', 'dwd_quality_order_ai_analysis_info', 1, 'dwd_quality_order_ai_analysis_info', '["business_id"]', '6607ac2c0d1f1a7ae4807f44', '68d623a8ab68110e273da0aa', 2, 'FULL_SYNC', '["created_time"]', 120, '04:00:22', 'date(created_time) >= current_date() - interval 1 day', NULL, NULL, 'idle'
       , '2025-11-10 19:32:48', 0, 0, 0, 0, NULL, '2025-11-03 10:31:10', '2025-11-11 09:20:53', NULL, NULL, NULL, 0, 0, NULL)
     , ( 7, 'db2jdy', 'dwd_work_order_union_df', 1, 'dwd_work_order_union_df', '["business_key"]', '6607ac2c0d1f1a7ae4807f44', '68da49db23b0d617477d15f2', 2, 'BINLOG', '["created_time"]', 240, '02:30:22', NULL, 'mysql-bin.000045', 865280525, 'running', '2025-11-12 10:39:16', 0, 0, 1, 0, NULL
       , '2025-11-03 10:31:39', '2025-11-12 11:36:33', NULL, NULL, NULL, 0, 0, NULL)
     , ( 8, 'db2jdy', '问题管理主表', 1, '问题管理主表', '["问题ID"]', '6607ac2c0d1f1a7ae4807f44', '68da51b2d0c0defe130a4bec', 2, 'INCREMENTAL', '["Updated_time"]', 120, '11:10:00', NULL, NULL, NULL, 'idle', '2025-11-12 11:36:36', 0, 0, 1, 0, NULL, '2025-11-03 10:32:11', '2025-11-12 11:36:38', NULL, NULL
       , NULL, 0, 0, NULL)
     , ( 9, 'db2jdy', 'R1000记录表_车型_CCC', 1, 'R1000记录表_车型_CCC', '["RK_ID"]', '6607ac2c0d1f1a7ae4807f44', '68d9dffb644aa360184fdad1', 2, 'INCREMENTAL', '["Input_Time"]', 120, '13:27:00', 'RK_ID > 441308', NULL, NULL, 'idle', '2025-11-12 11:36:36', 0, 0, 1, 0, NULL, '2025-11-03 10:32:38'
       , '2025-11-12 11:36:36', NULL, NULL, NULL, 0, 0, NULL)
     , ( 10, 'db2jdy', 'TGW记录表_车型_CCC', 1, 'TGW记录表_车型_CCC', '["TGW_ID"]', '6607ac2c0d1f1a7ae4807f44', '68d9e22e9b1b364c49b2b829', 2, 'INCREMENTAL', '["Input_Time"]', 120, '09:44:22', NULL, NULL, NULL, 'idle', '2025-11-12 11:36:35', 0, 0, 1, 0, NULL, '2025-11-03 10:33:05', '2025-11-12 11:36:36'
       , NULL, NULL, NULL, 0, 0, NULL)
     , ( 11, 'db2jdy', '指标汇总表', 1, '指标汇总表', '["序号"]', '6607ac2c0d1f1a7ae4807f44', '68f0b70936c4efcf018c08c9', 2, 'BINLOG', '[]', 5, '15:09:00', NULL, 'mysql-bin.000045', 510216225, 'running', '2025-11-12 10:39:15', 0, 0, 1, 0, NULL, '2025-11-03 10:37:10', '2025-11-12 11:36:31', NULL, NULL
       , NULL, 0, 0, NULL)
     , ( 12, 'db2jdy', 'CCC_备件名称_view', 1, 'CCC_备件名称_view', '["CCC,备件名称"]', '6607ac2c0d1f1a7ae4807f44', '69033b824e68b3ce339dc2ce', 2, 'FULL_SYNC', '[]', 5, '06:00:00', NULL, NULL, NULL, 'idle', '2025-11-10 19:05:03', 1, 0, 1, 0, NULL, '2025-11-03 10:40:27', '2025-11-11 09:21:30', NULL, NULL
       , NULL, 0, 0, NULL)
     , ( 26, 'db2jdy', 'dwd_quality_order_ai_analysis_info_binlog', 1, 'dwd_quality_order_ai_analysis_info', '["business_id"]', '6607ac2c0d1f1a7ae4807f44', '68d623a8ab68110e273da0aa', 2, 'BINLOG', '[]', 5, '02:30:22', NULL, 'mysql-bin.000045', 563096068, 'running', '2025-11-12 10:39:14', 0, 0, 1, 0, NULL
       , '2025-11-10 11:31:03', '2025-11-12 11:36:30', NULL, NULL, 'DAILY', 0, 0, NULL);


--
-- Dumping data for table `users`
--

INSERT INTO `users` (`id`, `username`, `password`, `department_id`, `is_superuser`, `is_active`, `created_at`, `updated_at`) VALUES (1,'admin123','$pbkdf2-sha256$29000$H.N8r5VyzplTqrUWQmiNEQ$9KT8VwayEs1vYzSjHgg2tDsQXv/sifaZ8crqnzqMxqY',1,1,1,'2025-11-06 13:26:22','2025-11-06 13:26:22'),(2,'202105352','$pbkdf2-sha256$29000$612r9Z5TCqH0HsO4F6IUIg$t56lTWd3QdrhlmHacSYi8vV2lAZOeDZLCESVlzUToj8',2,0,1,'2025-11-06 13:27:12','2025-11-06 15:15:32'),(3,'202313850','$pbkdf2-sha256$29000$9x4j5BxjTKlVyjmHMCbkvA$n0t8jrgUBuReJWuAVx5yu8uMe9bMvcX/RZ0LoLfXa1w',3,0,1,'2025-11-07 16:44:30','2025-11-07 16:52:31'),(4,'6000357','$pbkdf2-sha256$29000$Wuv933tPqRUihLD2fu8dow$KSv0jCGgQx/3iP8BXtihGPKQGNVJNit/d9cILXt54WU',5,0,1,'2025-11-11 16:19:12','2025-11-11 16:19:12');
